Team,Title,Description,Labels,Status
EPM,"[LOCAL-001] Create one persistent, configurable external workspace for the operator's structured records, separate from the Git-maintained application…","Backlog ID: LOCAL-001
Sequence: 1
Phase: MVP — Local single-user
Area: Local data

Outcome:
Create one persistent, configurable external workspace for the operator's structured records, separate from the Git-maintained application checkout, with a stable ID and versioned non-secret manifest.

Hard dependencies (in order): None",Local data,Done
EPM,"[LOCAL-002] Back up, export, validate, and restore the complete local workspace—SQLite data, live journal state where applicable, and…","Backlog ID: LOCAL-002
Sequence: 2
Phase: MVP — Local single-user
Area: Local data

Outcome:
Back up, export, validate, and restore the complete local workspace—SQLite data, live journal state where applicable, and workspace-relative attachments—in a versioned portable package that excludes external-account credentials. See design.

Hard dependencies (in order): LOCAL-001",Local data,Done
EPM,"[AUDIT-001] Preserve when sensitive financial, lease, owner, vendor, issue, and ingestion records changed and retain their prior values.","Backlog ID: AUDIT-001
Sequence: 3
Phase: MVP — Local single-user
Area: Audit

Outcome:
Preserve when sensitive financial, lease, owner, vendor, issue, and ingestion records changed and retain their prior values. See design.

Hard dependencies (in order): LOCAL-001",Audit,Done
EPM,[FILE-001] Store retained business files with portable references.,"Backlog ID: FILE-001
Sequence: 4
Phase: MVP — Local single-user
Area: Files

Outcome:
Store retained business files with portable references. Publish and hash-verify operation-owned content before committing `available` metadata; roll it back when the owning database transaction fails, and detect unexpected local managed content or missing referenced content during verification. Managed files have no physical-delete lifecycle in the MVP. See design.

Hard dependencies (in order): LOCAL-001",Files,Done
EPM,"[TASK-001] Create local tasks and reminders with due dates, statuses, and related records.","Backlog ID: TASK-001
Sequence: 5
Phase: MVP — Local single-user
Area: Tasks
Backlog note: pending UI

Outcome:
Create local tasks and reminders with due dates, statuses, and related records. Reconcile the implemented `/api/tasks/summary` response with the linked design's overdue/today/next-seven-day/due-reminder contract before DASH-001 consumes it. See design.

Hard dependencies (in order): LOCAL-001, AUDIT-001",Tasks,In Progress
EPM,"[PORT-001] Mark properties as self-owned, managed for a client, or mixed.","Backlog ID: PORT-001
Sequence: 6
Phase: MVP — Local single-user
Area: Portfolio

Outcome:
Mark properties as self-owned, managed for a client, or mixed. See design.

Hard dependencies (in order): LOCAL-001, AUDIT-001",Portfolio,Done
EPM,"[PORT-002] Create and manage single-family homes, condos, townhomes, offices, and office suites.","Backlog ID: PORT-002
Sequence: 7
Phase: MVP — Local single-user
Area: Inventory

Outcome:
Create and manage single-family homes, condos, townhomes, offices, and office suites. See design.

Hard dependencies (in order): PORT-001",Inventory,Done
EPM,"[PORT-003] Provide the occupancy and availability backend/API foundation, including bounded source facts, filters, space status, and review/status…","Backlog ID: PORT-003
Sequence: 8
Phase: MVP — Local single-user
Area: Inventory
Backlog note: pending UI

Outcome:
Provide the occupancy and availability backend/API foundation, including bounded source facts, filters, space status, and review/status actions for OPS-001 composition. UI-001 renders the resulting summaries, filters, space cards, review prompts, and status actions. See design.

Hard dependencies (in order): PORT-002",Inventory,In Progress
EPM,"[TEN-001] Maintain tenant profiles and reusable party-owned contact methods, ready for lease-owned participants.","Backlog ID: TEN-001
Sequence: 9
Phase: MVP — Local single-user
Area: People

Outcome:
Maintain tenant profiles and reusable party-owned contact methods, ready for lease-owned participants. See design.

Hard dependencies (in order): PORT-001, AUDIT-001",People,Done
EPM,"[LEASE-001] Record lease terms, deposits, dates, documents, and renewal dates.","Backlog ID: LEASE-001
Sequence: 10
Phase: MVP — Local single-user
Area: Leases
Backlog note: pending UI

Outcome:
Record lease terms, deposits, dates, documents, and renewal dates. See design.

Hard dependencies (in order): AUDIT-001, FILE-001, PORT-002, TEN-001",Leases,In Progress
EPM,"[INSP-001] Record pre-move-in and post-move-out space condition, evidence, acknowledgment, and reviewed comparisons without deciding deposit…","Backlog ID: INSP-001
Sequence: 11
Phase: MVP — Local single-user
Area: Inspections
Backlog note: pending UI

Outcome:
Record pre-move-in and post-move-out space condition, evidence, acknowledgment, and reviewed comparisons without deciding deposit deductions. See design.

Hard dependencies (in order): AUDIT-001, FILE-001, LEASE-001",Inspections,In Progress
EPM,"[VEND-001] Establish the dedicated `parties` API module for reusable person and organization identity routes, then maintain and search provider…","Backlog ID: VEND-001
Sequence: 12
Phase: MVP — Local single-user
Area: Providers
Backlog note: pending UI

Outcome:
Establish the dedicated `parties` API module for reusable person and organization identity routes, then maintain and search provider profiles by service, location, past work, references, and preferred/avoid status. See design.

Hard dependencies (in order): PORT-001, TEN-001, AUDIT-001",Providers,In Progress
EPM,"[VEND-002] Store manually recorded Google, Yelp, Angi, and other reputation links with notes and last-checked dates.","Backlog ID: VEND-002
Sequence: 13
Phase: MVP — Local single-user
Area: Providers
Backlog note: pending UI

Outcome:
Store manually recorded Google, Yelp, Angi, and other reputation links with notes and last-checked dates. See design.

Hard dependencies (in order): VEND-001",Providers,In Progress
EPM,"[FIN-001] Create recurring rent expectations and track full, partial, late, and missed recorded payments.","Backlog ID: FIN-001
Sequence: 14
Phase: MVP — Local single-user
Area: Money
Backlog note: pending UI

Outcome:
Create recurring rent expectations and track full, partial, late, and missed recorded payments. See design.

Hard dependencies (in order): AUDIT-001, LEASE-001",Money,In Progress
EPM,"[FIN-002] Record actual paid property expenses with category, optional provider, durable payee, payer, refund/correction history, and linked evidence.","Backlog ID: FIN-002
Sequence: 15
Phase: MVP — Local single-user
Area: Money
Backlog note: pending UI

Outcome:
Record actual paid property expenses with category, optional provider, durable payee, payer, refund/correction history, and linked evidence. See design.

Hard dependencies (in order): AUDIT-001, FILE-001, PORT-002, VEND-001",Money,In Progress
EPM,"[FIN-008] Record security-deposit receipt and an operator-approved settlement with evidence-backed deductions, refund due, refund completion, and an…","Backlog ID: FIN-008
Sequence: 16
Phase: MVP — Local single-user
Area: Deposits
Backlog note: pending UI

Outcome:
Record security-deposit receipt and an operator-approved settlement with evidence-backed deductions, refund due, refund completion, and an operator-recorded settlement deadline; inspection classifications never decide deductions automatically. See design.

Hard dependencies (in order): AUDIT-001, FILE-001, LEASE-001, FIN-001, FIN-002, INSP-001",Deposits,In Progress
EPM,"[FIN-006] Record the actual method on each rent receipt—external automatic bank payment, bank transfer, check, cash, online payment, or other—with…","Backlog ID: FIN-006
Sequence: 17
Phase: MVP — Local single-user
Area: Payment methods
Backlog note: pending UI

Outcome:
Record the actual method on each rent receipt—external automatic bank payment, bank transfer, check, cash, online payment, or other—with safe masked references and no initiation, credentials, or expected-method state. See design.

Hard dependencies (in order): AUDIT-001, LEASE-001, FIN-001",Payment methods,In Progress
EPM,"[FIN-007] Record one future-dated prepaid check for exactly one complete rent-expectation period, create a property-local deposit reminder, and use a…","Backlog ID: FIN-007
Sequence: 18
Phase: MVP — Local single-user
Area: Prepaid checks
Backlog note: pending UI

Outcome:
Record one future-dated prepaid check for exactly one complete rent-expectation period, create a property-local deposit reminder, and use a correlated receipt/allocation handoff only when deposited. Track returned, voided, and replacement history without counting income while scheduled. See design.

Hard dependencies (in order): AUDIT-001, TASK-001, FIN-001, FIN-006",Prepaid checks,In Progress
EPM,"[COM-001] Manual owner/tenant communication ledger, owning-feature-validated typed context, and task follow-up; no delivery or ingestion.","Backlog ID: COM-001
Sequence: 19
Phase: MVP — Local single-user
Area: Communications
Backlog note: pending UI

Outcome:
Manual owner/tenant communication ledger, owning-feature-validated typed context, and task follow-up; no delivery or ingestion. INGEST-001 adds a retained-source link without creating or synchronizing communication content. See design.

Hard dependencies (in order): TASK-001, TEN-001",Communications,In Progress
EPM,"[MAINT-001] Log property issues, priority, status, appointments, estimates, and work-reported cost context; confirmed actual spending is a FIN-002…","Backlog ID: MAINT-001
Sequence: 20
Phase: MVP — Local single-user
Area: Repairs
Backlog note: pending UI

Outcome:
Log property issues, priority, status, appointments, estimates, and work-reported cost context; confirmed actual spending is a FIN-002 expense. See design.

Hard dependencies (in order): AUDIT-001, FILE-001, TASK-001, PORT-002, FIN-002",Repairs,In Progress
EPM,"[MAINT-004] Attribute issues to an owner, tenant, manager, or staff reporter throughout intake, communication, and reporting.","Backlog ID: MAINT-004
Sequence: 21
Phase: MVP — Local single-user
Area: Repairs
Backlog note: pending UI

Outcome:
Attribute issues to an owner, tenant, manager, or staff reporter throughout intake, communication, and reporting. See design.

Hard dependencies (in order): TEN-001, LEASE-001, COM-001, MAINT-001",Repairs,In Progress
EPM,"[MAINT-002] Compare quotes, including optional quoted earliest-start and estimated-finish dates, and assign a selected provider.","Backlog ID: MAINT-002
Sequence: 22
Phase: MVP — Local single-user
Area: Repairs
Backlog note: pending quoted schedule fields and UI

Outcome:
Compare quotes, including optional quoted earliest-start and estimated-finish dates, and assign a selected provider. See design.

Hard dependencies (in order): AUDIT-001, FILE-001, VEND-001, MAINT-001",Repairs,In Progress
EPM,[MAINT-003] Keep an append-only work journal and completion evidence tied to stable issue and optional assignment IDs without implicitly changing…,"Backlog ID: MAINT-003
Sequence: 23
Phase: MVP — Local single-user
Area: Repairs
Backlog note: pending UI

Outcome:
Keep an append-only work journal and completion evidence tied to stable issue and optional assignment IDs without implicitly changing issue, assignment, or appointment lifecycle; completion evidence belongs to the journal rather than MAINT-002 assignment documents. See design.

Hard dependencies (in order): AUDIT-001, FILE-001, MAINT-001, MAINT-002",Repairs,In Progress
EPM,"[OWNER-003] Record rent an owner reports receiving directly, attach supporting evidence, verify it, and link the verified report to its FIN-001 receipt…","Backlog ID: OWNER-003
Sequence: 24
Phase: MVP — Local single-user
Area: Owner management
Backlog note: pending UI

Outcome:
Record rent an owner reports receiving directly, attach supporting evidence, verify it, and link the verified report to its FIN-001 receipt rather than creating duplicate income. See design.

Hard dependencies (in order): AUDIT-001, FILE-001, PORT-001, FIN-001, FIN-006",Owner management,In Progress
EPM,"[OWNER-004] Record and track a client-owner's general rental, lease, tenant, or vacancy concern with validated historical context, independent…","Backlog ID: OWNER-004
Sequence: 25
Phase: MVP — Local single-user
Area: Owner management
Backlog note: pending UI

Outcome:
Record and track a client-owner's general rental, lease, tenant, or vacancy concern with validated historical context, independent lifecycle, linked communications, and optional task follow-up. See design.

Hard dependencies (in order): AUDIT-001, TASK-001, PORT-001, PORT-003, TEN-001, LEASE-001, COM-001",Owner management,In Progress
EPM,"[AI-GOV-001] Provide a registered hosted/on-device model adapter registry, independent model connections, truthful model/runtime provenance,…","Backlog ID: AI-GOV-001
Sequence: 26
Phase: MVP — Local single-user
Area: AI governance
Backlog note: pending UI

Outcome:
Provide a registered hosted/on-device model adapter registry, independent model connections, truthful model/runtime provenance, destination-specific cloud disclosure, and no silent fallback. Require operator approval, preserve retained source records separately from editable AI output, record selected allowed approval modes and review decisions, dispatch registered domain terminal handlers, and enforce configurable limits for AI-assisted actions. See design. API is implemented for the original single-effect contract; pending UI and the INGEST-002 terminal-mode extension.

Hard dependencies (in order): AUDIT-001",AI governance,In Progress
EPM,[AI-LOCAL-001] Qualify one pinned local runtime/model through AiProviderPort for bounded text extraction/summaries.,"Backlog ID: AI-LOCAL-001
Sequence: 26a
Phase: MVP — Local single-user
Area: Optional local AI pilot

Outcome:
Qualify one pinned local runtime/model through AiProviderPort for bounded text extraction/summaries. Compare synthetic quality and operator corrections; verify offline operation, resource limits, timeout/recovery, truthful artifact/runtime provenance, unsupported-modality handling, and no remote fallback. No model download or benchmark is implied by this row. See research.

Hard dependencies (in order): AI-GOV-001, INGEST-001, ISSUE-AI-001","Optional local AI pilot, optional",Backlog
EPM,"[INGEST-001] Retain a bounded canonical source snapshot and qualified provenance supplied by an authorized assistant or the operator, plus voice…","Backlog ID: INGEST-001
Sequence: 27
Phase: MVP — Local single-user
Area: Issue ingestion
Backlog note: pending UI

Outcome:
Retain a bounded canonical source snapshot and qualified provenance supplied by an authorized assistant or the operator, plus voice transcripts, separately from proposed fields. Own normalization, FILE-001 attachment references, technical and attention states, exact trusted account/source deduplication, duplicate candidates, and the typed COM-001 source link; do not fetch mail, hold mail credentials, or create a communication automatically. See design.

Hard dependencies (in order): AUDIT-001, FILE-001, COM-001",Issue ingestion,In Progress
EPM,[ISSUE-AI-001] Optionally use the selected built-in hosted/local model over retained evidence to detect likely property issues and produce a concise draft…,"Backlog ID: ISSUE-AI-001
Sequence: 28
Phase: MVP — Local single-user
Area: AI issue intake

Outcome:
Optionally use the selected built-in hosted/local model over retained evidence to detect likely property issues and produce a concise draft summary, description, reporter, category, urgency, and requested action from message text or a voice transcript.

Hard dependencies (in order): MAINT-001, MAINT-004, AI-GOV-001, INGEST-001",AI issue intake,Backlog
EPM,"[ISSUE-AI-002] Suggest property, space, tenant, and reporter matches and flag possible duplicate or existing issues.","Backlog ID: ISSUE-AI-002
Sequence: 29
Phase: MVP — Local single-user
Area: AI issue intake

Outcome:
Suggest property, space, tenant, and reporter matches and flag possible duplicate or existing issues.

Hard dependencies (in order): PORT-002, TEN-001, MAINT-004, AI-GOV-001, INGEST-001",AI issue intake,Backlog
EPM,"[INGEST-002] Let the operator compare every submitted draft with its exact retained source evidence or voice transcript, edit proposed facts, and choose…","Backlog ID: INGEST-002
Sequence: 30
Phase: MVP — Local single-user
Area: Issue ingestion

Outcome:
Let the operator compare every submitted draft with its exact retained source evidence or voice transcript, edit proposed facts, and choose one atomic outcome: create an issue, link without mutation, update selected mutable issue fields, dismiss as no issue, or discard for rework. Preserve durable source-to-issue provenance and require explicit reporter identity for creation. See design.

Hard dependencies (in order): MAINT-001, MAINT-004, AI-GOV-001, INGEST-001",Issue ingestion,Backlog
EPM,"[MCP-001] Deliver the shared scoped-read, retained-source, proposal, receipt, and health contract.","Backlog ID: MCP-001
Sequence: 31
Phase: MVP — Local single-user
Area: Connected assistants

Outcome:
Deliver the shared scoped-read, retained-source, proposal, receipt, and health contract. Qualify a local MCP client first; independently gate Muse file exchange on verified capabilities and isolation. Assistant-neutral grants, pause/revocation, durable recovery, and cross-connection source deduplication; no direct domain writes or app-held mail credentials. See design.

Hard dependencies (in order): AI-GOV-001, INGEST-002",Connected assistants,Backlog
EPM,"[VEND-CAT-001] Maintain an editable flat provider-category catalog, seed the initial broad categories, assign multiple categories to each provider,…","Backlog ID: VEND-CAT-001
Sequence: 32
Phase: MVP — Local single-user
Area: Provider categories

Outcome:
Maintain an editable flat provider-category catalog, seed the initial broad categories, assign multiple categories to each provider, preserve category/assignment lifecycle history, and expose category-aware provider search plus explicit Uncategorized coverage. Keep categories distinct from free-form services and Maintenance/Finance taxonomies. See design.

Hard dependencies (in order): VEND-001, AUDIT-001",Provider categories,Backlog
EPM,"[ISSUE-AI-003] Suggest likely causes, clarifying questions, urgency, safety or emergency escalation, and an active provider-category ID plus label…","Backlog ID: ISSUE-AI-003
Sequence: 33
Phase: MVP — Local single-user
Area: AI issue diagnosis

Outcome:
Suggest likely causes, clarifying questions, urgency, safety or emergency escalation, and an active provider-category ID plus label snapshot for an operator-approved issue; preserve rationale, label the result as advisory, and require operator review.

Hard dependencies (in order): AI-GOV-001, MAINT-001, INGEST-002, ISSUE-AI-002, VEND-CAT-001",AI issue diagnosis,Backlog
EPM,"[ISSUE-AI-004] Suggest suitable saved providers using category, service area, preferred or avoid status, references, reputation notes, and past work…","Backlog ID: ISSUE-AI-004
Sequence: 34
Phase: MVP — Local single-user
Area: AI provider suggestions

Outcome:
Suggest suitable saved providers using category, service area, preferred or avoid status, references, reputation notes, and past work journals, and explain the ranking without contacting or assigning anyone automatically.

Hard dependencies (in order): VEND-001, VEND-002, MAINT-003, ISSUE-AI-003, VEND-CAT-001",AI provider suggestions,Backlog
EPM,[VOICE-001] Record or import a standalone audio voice note locally without recording phone calls.,"Backlog ID: VOICE-001
Sequence: 35
Phase: MVP — Local single-user
Area: Voice intake

Outcome:
Record or import a standalone audio voice note locally without recording phone calls. Keep disposable audio in a voice-owned temporary store with restart-safe cleanup; only an explicit operator choice promotes audio to retained FILE-001 evidence. Retain recording/import metadata and submit the note for transcription.

Hard dependencies (in order): FILE-001, INGEST-001",Voice intake,Backlog
EPM,"[VOICE-AI-001] Transcribe and summarize a voice note, retain an editable INGEST-001 transcript and confidence indicators, allow retry or manual…","Backlog ID: VOICE-AI-001
Sequence: 36
Phase: MVP — Local single-user
Area: AI voice intake

Outcome:
Transcribe and summarize a voice note, retain an editable INGEST-001 transcript and confidence indicators, allow retry or manual correction, and send the result through issue extraction, matching, duplicate detection, and operator review. Verify disposal of voice-owned temporary audio after successful transcription unless the operator explicitly retained it as FILE-001 evidence.

Hard dependencies (in order): AI-GOV-001, ISSUE-AI-001, ISSUE-AI-002, INGEST-002, VOICE-001",AI voice intake,Backlog
EPM,[CONN-001] Connect read-only Google Sheets accounts and store revocable credentials in the local operating system's secure credential store.,"Backlog ID: CONN-001
Sequence: 37
Phase: MVP — Local single-user
Area: Connections

Outcome:
Connect read-only Google Sheets accounts and store revocable credentials in the local operating system's secure credential store. Mail and SMS-provider connections were removed 2026-09-23; inbound messaging arrives through authorized assistants (MCP-001) or manual import.

Hard dependencies (in order): LOCAL-001, AUDIT-001",Connections,Backlog
EPM,[GMAIL-001] Read selected Gmail messages and attachments into the local issue inbox using a connected Google account.,"Backlog ID: GMAIL-001
Sequence: 38
Phase: MVP — Local single-user
Area: Gmail ingestion
Backlog note: ⏭️ Superseded by MCP-001

Outcome:
Read selected Gmail messages and attachments into the local issue inbox using a connected Google account.

Hard dependencies (in order): CONN-001, INGEST-001, INGEST-002","Gmail ingestion, superseded",Cancelled
EPM,[OUTLOOK-001] Read selected Outlook.com/Hotmail messages and attachments into the local issue inbox using a connected Microsoft account.,"Backlog ID: OUTLOOK-001
Sequence: 39
Phase: MVP — Local single-user
Area: Outlook ingestion
Backlog note: ⏭️ Superseded by MCP-001

Outcome:
Read selected Outlook.com/Hotmail messages and attachments into the local issue inbox using a connected Microsoft account.

Hard dependencies (in order): CONN-001, INGEST-001, INGEST-002","Outlook ingestion, superseded",Cancelled
EPM,[SMS-001] Poll a connected SMS provider or import forwarded text messages into the local issue inbox without requiring an application-hosted inbound…,"Backlog ID: SMS-001
Sequence: 40
Phase: MVP — Local single-user
Area: SMS ingestion
Backlog note: ⏭️ Superseded by MCP-001

Outcome:
Poll a connected SMS provider or import forwarded text messages into the local issue inbox without requiring an application-hosted inbound endpoint.

Hard dependencies (in order): CONN-001, INGEST-001, INGEST-002","SMS ingestion, superseded",Cancelled
EPM,"[DOC-001] Maintain approved, versioned document templates with jurisdiction and usage metadata.","Backlog ID: DOC-001
Sequence: 41
Phase: MVP — Local single-user
Area: Documents

Outcome:
Maintain approved, versioned document templates with jurisdiction and usage metadata.

Hard dependencies (in order): AUDIT-001, FILE-001, LEASE-001",Documents,Backlog
EPM,"[DOC-AI-001] Draft leases, addenda, notices, and other documents from approved templates.","Backlog ID: DOC-AI-001
Sequence: 42
Phase: MVP — Local single-user
Area: AI documents

Outcome:
Draft leases, addenda, notices, and other documents from approved templates.

Hard dependencies (in order): AI-GOV-001, DOC-001",AI documents,Backlog
EPM,"[DOC-AI-002] Summarize contracts, leases, obligations, dates, and missing information.","Backlog ID: DOC-AI-002
Sequence: 43
Phase: MVP — Local single-user
Area: AI documents

Outcome:
Summarize contracts, leases, obligations, dates, and missing information.

Hard dependencies (in order): FILE-001, LEASE-001, AI-GOV-001",AI documents,Backlog
EPM,[DOC-AI-003] Compare document versions and explain material changes.,"Backlog ID: DOC-AI-003
Sequence: 44
Phase: MVP — Local single-user
Area: AI documents

Outcome:
Compare document versions and explain material changes.

Hard dependencies (in order): FILE-001, DOC-AI-002",AI documents,Backlog
EPM,"[LIST-001] Create rental listings, export publish-ready content, and record manually published links and status.","Backlog ID: LIST-001
Sequence: 45
Phase: MVP — Local single-user
Area: Listings

Outcome:
Create rental listings, export publish-ready content, and record manually published links and status.

Hard dependencies (in order): FILE-001, PORT-002, PORT-003",Listings,Backlog
EPM,[MKT-AI-001] Draft rental-listing copy from verified property details.,"Backlog ID: MKT-AI-001
Sequence: 46
Phase: MVP — Local single-user
Area: AI marketing

Outcome:
Draft rental-listing copy from verified property details.

Hard dependencies (in order): LIST-001, AI-GOV-001",AI marketing,Backlog
EPM,"[AI-REC-002] Assist with maintenance triage and vendor selection, and improve issue diagnosis and provider recommendations using internal history,…","Backlog ID: AI-REC-002
Sequence: 47
Phase: MVP — Local single-user
Area: AI recommendations

Outcome:
Assist with maintenance triage and vendor selection, and improve issue diagnosis and provider recommendations using internal history, recorded reputation data, accumulated repair outcomes, response times, costs, and live reputation data when a future integration makes it available.

Hard dependencies (in order): VEND-002, MAINT-003, ISSUE-AI-003, ISSUE-AI-004, AI-GOV-001",AI recommendations,Backlog
EPM,"[FIN-003] Show portfolio and property income, expenses, deposit liabilities and settlement activity, and money remaining without treating deposit…","Backlog ID: FIN-003
Sequence: 48
Phase: MVP — Local single-user
Area: Money

Outcome:
Show portfolio and property income, expenses, deposit liabilities and settlement activity, and money remaining without treating deposit receipts as income or refunds as property expenses.

Hard dependencies (in order): FIN-001, FIN-002, FIN-008",Money,Backlog
EPM,"[TASK-002] Persist waiting-for context, separate follow-up/reminder dates, and resurfacing without changing original deadlines or hiding urgent…","Backlog ID: TASK-002
Sequence: 49
Phase: MVP — Local single-user
Area: Follow-up

Outcome:
Persist waiting-for context, separate follow-up/reminder dates, and resurfacing without changing original deadlines or hiding urgent unresolved work. See design.

Hard dependencies (in order): AUDIT-001, TASK-001",Follow-up,Backlog
EPM,"[OPS-001] Provide the typed workspace/operator bootstrap (readiness, recovery actions, capabilities, preferences, workspace/runtime identity, and…","Backlog ID: OPS-001
Sequence: 50
Phase: MVP — Local single-user
Area: Operator support

Outcome:
Provide the typed workspace/operator bootstrap (readiness, recovery actions, capabilities, preferences, workspace/runtime identity, and contract version); versioned navigation/appearance preferences; property and owner directory/overview compositions; bounded contextual search; coverage/review provenance and relevant-change prompts; and incomplete-form recovery alongside domain drafts. Compositions return stable cursors, matching totals, `asOf`, per-section availability, provenance, and explicit resolution routes without browser-side domain derivation or per-row fan-out. Owner overviews compose PORT-001, OWNER-003/004, and available source facts; owner statements, disbursements, and fees remain OWNER-001/002/005. No React before UI-001. See design.

Hard dependencies (in order): AUDIT-001, PORT-003, LEASE-001, INSP-001, FIN-001, FIN-008, COM-001, MAINT-001, OWNER-003, OWNER-004, FIN-003, TASK-002",Operator support,Backlog
EPM,"[LEGAL-001] Manually track eviction preparation and process, attorney engagements, evidence, sourced/confirmed deadlines, milestones, next actions,…","Backlog ID: LEGAL-001
Sequence: 51
Phase: MVP — Local single-user
Area: Legal matters

Outcome:
Manually track eviction preparation and process, attorney engagements, evidence, sourced/confirmed deadlines, milestones, next actions, Preparing/Active/On hold/Closed status, and explicit outcomes. Register file/communication/task links; never infer legal eligibility or mutate lease, occupancy, or money implicitly. See design.

Hard dependencies (in order): AUDIT-001, FILE-001, TASK-002, LEASE-001, VEND-CAT-001, COM-001, FIN-001, FIN-002",Legal matters,Backlog
EPM,[HOA-001] Track property-linked violation notices and narrow HOA-covered shared repairs.,"Backlog ID: HOA-001
Sequence: 52
Phase: MVP — Local single-user
Area: HOA coordination

Outcome:
Track property-linked violation notices and narrow HOA-covered shared repairs. Preserve notice evidence/rule references, responses, disputes, remediation, claimed charges, and confirmed/unconfirmed closure. For shared repairs, link one Maintenance-owned case to affected managed condo units, association responsibility/coverage evidence, every communication, repeated follow-ups, contractors, and explicit physical verification without treating the HOA as a provider. Standing rules, architectural approvals, assessments, and board administration remain post-MVP. See design.

Hard dependencies (in order): AUDIT-001, FILE-001, TASK-002, PORT-002, COM-001, MAINT-001, FIN-002",HOA coordination,Backlog
EPM,"[DATA-002] Import properties, owners, and providers from Excel through sheet selection, column/relationship/category mapping, validation, reviewed…","Backlog ID: DATA-002
Sequence: 53
Phase: MVP — Local single-user
Area: Spreadsheet intake

Outcome:
Import properties, owners, and providers from Excel through sheet selection, column/relationship/category mapping, validation, reviewed create/link/skip operations, row-level outcomes, provenance, and duplicate-safe retries. Provider categories require an explicit existing/create/skip decision and commit atomically with provider creation; no fuzzy category matching, silent merge, or overwrite. Leases/balances/history remain DATA-001. See design.

Hard dependencies (in order): AUDIT-001, FILE-001, PORT-002, TEN-001, VEND-CAT-001",Spreadsheet intake,Backlog
EPM,[DATA-003] Authorize read-only spreadsheet selection and import the reviewed snapshot through DATA-002.,"Backlog ID: DATA-003
Sequence: 54
Phase: MVP — Local single-user
Area: Google Sheets intake

Outcome:
Authorize read-only spreadsheet selection and import the reviewed snapshot through DATA-002. No source writes, public publishing requirement, or ongoing synchronization; credentials remain in the local secure store. See design.

Hard dependencies (in order): CONN-001, DATA-002",Google Sheets intake,Backlog
EPM,"[UI-001] Deliver the confirmed operator experience: configurable Home/Properties/Owners/Leasing/Money/Maintenance/Providers navigation, directories…","Backlog ID: UI-001
Sequence: 55
Phase: MVP — Local single-user
Area: Operator interface

Outcome:
Deliver the confirmed operator experience: configurable Home/Properties/Owners/Leasing/Money/Maintenance/Providers navigation, directories and contextual workspaces, full-summary-bar inline toggles, light/dark Settings, independent Built-in AI and Connected assistants setup, deployment-aware disclosure/readiness and unified draft review, Tasks, coverage, drafts, search, and all existing portfolio/lease/inspection/finance/communication/owner/maintenance/provider UI acceptance criteria. Consume the dedicated legal, HOA, and import designs through their completed contracts; include end-to-end error/recovery tests. DASH-001 owns Home aggregation.

Hard dependencies (in order): PORT-003, LEASE-001, INSP-001, FIN-001, FIN-006, FIN-007, FIN-002, FIN-008, COM-001, MAINT-001, MAINT-004, MAINT-002, MAINT-003, OWNER-003, OWNER-004, TASK-002, OPS-001, VEND-002, VEND-CAT-001, FIN-003, LEGAL-001, HOA-001, DATA-003, AI-GOV-001, INGEST-002, MCP-001",Operator interface,Backlog
EPM,"[DASH-001] Deliver the typed Home composition for separate Needs action, Waiting, Upcoming, appointment, and information-review collections; each item…","Backlog ID: DASH-001
Sequence: 56
Phase: MVP — Local single-user
Area: Dashboard

Outcome:
Deliver the typed Home composition for separate Needs action, Waiting, Upcoming, appointment, and information-review collections; each item carries source identity, explicit grouping links, priority reason, next action, provenance, and an applicable detail route. Return matching totals, bounded initial slices/cursors, `asOf`, and per-section availability so View all and partial failures remain accurate. Source the experience from property-local appointments, overdue rent, urgent repairs, expiring leases, owner-report/concern review, legal/HOA follow-ups including one grouped item per shared repair, coverage gaps, qualified empty states, and source-backed money totals. Consume reconciled bounded source contracts, including TASK-001's overdue/today/next-seven-day/reminder behavior, rather than scanning or re-deriving domain state in the browser. Showing integration arrives with LEAD-002.

Hard dependencies (in order): UI-001, TASK-002, OPS-001, FIN-003, MAINT-001, OWNER-003, OWNER-004, LEGAL-001, HOA-001",Dashboard,Backlog
EPM,"[DASH-003] Surface unprocessed sources, AI drafts awaiting review, low-confidence transcripts or matches, ingestion failures, and scheduled-assistant…","Backlog ID: DASH-003
Sequence: 57
Phase: MVP — Local single-user
Area: Dashboard

Outcome:
Surface unprocessed sources, AI drafts awaiting review, low-confidence transcripts or matches, ingestion failures, and scheduled-assistant silence or failed polls, distinct from interactive connection status on the local dashboard.

Hard dependencies (in order): DASH-001, INGEST-002, VOICE-AI-001, MCP-001",Dashboard,Backlog
EPM,"[OWNER-002] Calculate, approve, and record owner disbursements with property, period, amount, date, method/reference, and status.","Backlog ID: OWNER-002
Sequence: 58
Phase: MVP — Local single-user
Area: Owner management

Outcome:
Calculate, approve, and record owner disbursements with property, period, amount, date, method/reference, and status.

Hard dependencies (in order): AUDIT-001, FIN-003, OWNER-003",Owner management,Backlog
EPM,"[OWNER-001] Generate owner statements from verified income, expenses, balances, and disbursements.","Backlog ID: OWNER-001
Sequence: 59
Phase: MVP — Local single-user
Area: Owner management

Outcome:
Generate owner statements from verified income, expenses, balances, and disbursements.

Hard dependencies (in order): FIN-003, OWNER-002",Owner management,Backlog
EPM,[OWNER-005] Calculate management fees using configurable agreements and rules.,"Backlog ID: OWNER-005
Sequence: 60
Phase: MVP — Local single-user
Area: Owner management

Outcome:
Calculate management fees using configurable agreements and rules.

Hard dependencies (in order): AUDIT-001, FIN-003, OWNER-002",Owner management,Backlog
EPM,"[LEAD-001] Track lead source, pipeline stage, notes, and next action.","Backlog ID: LEAD-001
Sequence: 61
Phase: MVP — Local single-user
Area: Leads

Outcome:
Track lead source, pipeline stage, notes, and next action.

Hard dependencies (in order): TASK-001, LIST-001",Leads,Backlog
EPM,"[LEAD-002] Schedule and record showings, then integrate showing appointments and actions into Home without implying earlier availability.","Backlog ID: LEAD-002
Sequence: 62
Phase: MVP — Local single-user
Area: Leads

Outcome:
Schedule and record showings, then integrate showing appointments and actions into Home without implying earlier availability.

Hard dependencies (in order): TASK-001, LEAD-001, DASH-001",Leads,Backlog
EPM,"[LEAD-003] Track offers, counteroffers, and accepted terms, including offers made without a prior showing.","Backlog ID: LEAD-003
Sequence: 63
Phase: MVP — Local single-user
Area: Leads

Outcome:
Track offers, counteroffers, and accepted terms, including offers made without a prior showing.

Hard dependencies (in order): AUDIT-001, LEAD-001",Leads,Backlog
EPM,[ADJ-001] Show upcoming rent-review dates and record a manual proposed adjustment.,"Backlog ID: ADJ-001
Sequence: 64
Phase: MVP — Local single-user
Area: Rent strategy

Outcome:
Show upcoming rent-review dates and record a manual proposed adjustment.

Hard dependencies (in order): AUDIT-001, TASK-001, LEASE-001, FIN-001",Rent strategy,Backlog
EPM,"[RPT-001] Provide occupancy, rent roll, delinquency, income/expense, owner balance/disbursement, leasing, and repair reports; quote totals remain…","Backlog ID: RPT-001
Sequence: 65
Phase: MVP — Local single-user
Area: Reports

Outcome:
Provide occupancy, rent roll, delinquency, income/expense, owner balance/disbursement, leasing, and repair reports; quote totals remain operational comparison facts rather than expenses.

Hard dependencies (in order): PORT-003, FIN-003, MAINT-001, MAINT-004, MAINT-002, MAINT-003, OWNER-002, LEAD-001",Reports,Backlog
EPM,[RPT-002] Let every summary number drill into its source records.,"Backlog ID: RPT-002
Sequence: 66
Phase: MVP — Local single-user
Area: Reports

Outcome:
Let every summary number drill into its source records.

Hard dependencies (in order): RPT-001",Reports,Backlog
EPM,"[DASH-002] Connect dashboard metrics and action cards to filtered report drill-downs, including a simple in-app value snapshot for tracked income,…","Backlog ID: DASH-002
Sequence: 67
Phase: MVP — Local single-user
Area: Dashboard

Outcome:
Connect dashboard metrics and action cards to filtered report drill-downs, including a simple in-app value snapshot for tracked income, estimated cost avoided, estimated time saved, tenant or owner retention, and issue-resolution speed. Each metric shows its period, calculation, source records, and—where a baseline is needed—an operator-configured baseline and an “estimated” label.

Hard dependencies (in order): DASH-001, RPT-002",Dashboard,Backlog
EPM,"[LOCAL-003] Provide product-owner-run scripts and a checklist to initialize or restore an MVP user's external workspace, select and validate its…","Backlog ID: LOCAL-003
Sequence: 68
Phase: MVP — Local single-user
Area: Local setup

Outcome:
Provide product-owner-run scripts and a checklist to initialize or restore an MVP user's external workspace, select and validate its location, save a machine-local workspace locator, and verify readiness; warn against the Git checkout and unsupported cloud-sync locations. This is not a self-service installer or updater.

Hard dependencies (in order): LOCAL-001, LOCAL-002, FILE-001",Local setup,Backlog
EPM,"[LEAD-004] Record applications connected to leads, including lawful employment or business information, rental references, intended occupants, and…","Backlog ID: LEAD-004
Sequence: 69
Phase: MVP — Local single-user
Area: Applications

Outcome:
Record applications connected to leads, including lawful employment or business information, rental references, intended occupants, and occupancy needs; protected familial-status information must not be used as an approval criterion.

Hard dependencies (in order): AUDIT-001, FILE-001, COM-001, LEAD-001",Applications,Backlog
EPM,"[APP-FIN-001] Record applicant-provided income, recurring obligations, credit score with source and date, and asset summaries; attach bank, brokerage, or…","Backlog ID: APP-FIN-001
Sequence: 70
Phase: MVP — Local single-user
Area: Applicant financials

Outcome:
Record applicant-provided income, recurring obligations, credit score with source and date, and asset summaries; attach bank, brokerage, or other supporting statements with consent, redacted account identifiers, verification status, and a retention or deletion date.

Hard dependencies (in order): AUDIT-001, FILE-001, LEAD-004",Applicant financials,Backlog
EPM,"[APP-DEC-001] Record consistent approval criteria, the human decision and reasons, reviewer, date, conditions, and any required consumer-report…","Backlog ID: APP-DEC-001
Sequence: 71
Phase: MVP — Local single-user
Area: Lease approval

Outcome:
Record consistent approval criteria, the human decision and reasons, reviewer, date, conditions, and any required consumer-report adverse-action follow-up without using protected characteristics.

Hard dependencies (in order): AUDIT-001, LEAD-004, APP-FIN-001",Lease approval,Backlog
EPM,"[JUR-001] Record each property's applicable rent-adjustment notice rules with jurisdiction, rule type, authoritative source link, effective date,…","Backlog ID: JUR-001
Sequence: 72
Phase: MVP — Local single-user
Area: Jurisdiction rules

Outcome:
Record each property's applicable rent-adjustment notice rules with jurisdiction, rule type, authoritative source link, effective date, last-verified date, and operator confirmation.

Hard dependencies (in order): AUDIT-001, PORT-002, LEASE-001",Jurisdiction rules,Backlog
EPM,"[ADJ-002] Calculate the notice deadline for a proposed rent adjustment from the confirmed jurisdiction rule, create advance alerts, and record notice…","Backlog ID: ADJ-002
Sequence: 73
Phase: MVP — Local single-user
Area: Rent strategy

Outcome:
Calculate the notice deadline for a proposed rent adjustment from the confirmed jurisdiction rule, create advance alerts, and record notice delivery and the effective-dated rent change; present this as a planning aid rather than legal advice.

Hard dependencies (in order): TASK-001, ADJ-001, JUR-001",Rent strategy,Backlog
EPM,"[HOA-002] Add standing governing-rule/document management, broader association profiles, and approval-request workflows after MVP; preserve HOA-001…","Backlog ID: HOA-002
Sequence: 74
Phase: Next — Connected local features
Area: HOA management

Outcome:
Add standing governing-rule/document management, broader association profiles, and approval-request workflows after MVP; preserve HOA-001 notice history. See design.

Hard dependencies (in order): HOA-001",HOA management,Backlog
EPM,[PAY-001] Accept online rent payments and autopay through an external payment provider.,"Backlog ID: PAY-001
Sequence: 75
Phase: Next — Connected local features
Area: Payments

Outcome:
Accept online rent payments and autopay through an external payment provider.

Hard dependencies (in order): AUDIT-001, FIN-001",Payments,Backlog
EPM,[FIN-004] Connect bank feeds and reconcile them against manually recorded or online transactions.,"Backlog ID: FIN-004
Sequence: 76
Phase: Next — Connected local features
Area: Money

Outcome:
Connect bank feeds and reconcile them against manually recorded or online transactions.

Hard dependencies (in order): AUDIT-001, FIN-001, FIN-002, FIN-003",Money,Backlog
EPM,[FIN-005] Create recurring expenses and payable reminders.,"Backlog ID: FIN-005
Sequence: 77
Phase: Next — Connected local features
Area: Money

Outcome:
Create recurring expenses and payable reminders.

Hard dependencies (in order): TASK-001, FIN-002",Money,Backlog
EPM,[COM-002] Draft scheduled email/SMS reminders for operator review; the operator sends manually and marks them sent.,"Backlog ID: COM-002
Sequence: 78
Phase: Next — Connected local features
Area: Communications

Outcome:
Draft scheduled email/SMS reminders for operator review; the operator sends manually and marks them sent. The app tracks draft, sent, and dismissed states. No automatic sending and no connected sending accounts (decided 2026-09-23).

Hard dependencies (in order): TASK-001, COM-001",Communications,Backlog
EPM,[COM-003] Sync calendar availability for showings and maintenance appointments.,"Backlog ID: COM-003
Sequence: 79
Phase: Next — Connected local features
Area: Communications

Outcome:
Sync calendar availability for showings and maintenance appointments.

Hard dependencies (in order): MCP-001, MAINT-001, LEAD-002",Communications,Backlog
EPM,[LIST-002] Syndicate listings to rental marketplaces.,"Backlog ID: LIST-002
Sequence: 80
Phase: Next — Connected local features
Area: Listings

Outcome:
Syndicate listings to rental marketplaces.

Hard dependencies (in order): LIST-001",Listings,Backlog
EPM,"[SCREEN-001] Request, receive, and record third-party tenant-screening reports with applicant consent, report source, dispute information, and…","Backlog ID: SCREEN-001
Sequence: 81
Phase: Next — Connected local features
Area: Screening

Outcome:
Request, receive, and record third-party tenant-screening reports with applicant consent, report source, dispute information, and adverse-action details when the report affects the decision.

Hard dependencies (in order): AUDIT-001, LEAD-004, APP-DEC-001",Screening,Backlog
EPM,[SIGN-001] Send lease documents for signature and preserve the signed version and audit evidence.,"Backlog ID: SIGN-001
Sequence: 82
Phase: Next — Connected local features
Area: E-signature

Outcome:
Send lease documents for signature and preserve the signed version and audit evidence.

Hard dependencies (in order): AUDIT-001, FILE-001, LEASE-001, LEAD-004",E-signature,Backlog
EPM,[SHOW-AI-001] Suggest showing times and draft confirmations or rescheduling messages.,"Backlog ID: SHOW-AI-001
Sequence: 83
Phase: Next — Connected local features
Area: AI scheduling

Outcome:
Suggest showing times and draft confirmations or rescheduling messages.

Hard dependencies (in order): LEAD-002, COM-002, COM-003, AI-GOV-001",AI scheduling,Backlog
EPM,"[NEG-AI-001] Draft offers and counteroffers within user-defined rent, term, and concession limits.","Backlog ID: NEG-AI-001
Sequence: 84
Phase: Next — Connected local features
Area: AI negotiation

Outcome:
Draft offers and counteroffers within user-defined rent, term, and concession limits.

Hard dependencies (in order): AUDIT-001, LEAD-003, AI-GOV-001",AI negotiation,Backlog
EPM,[NEG-AI-002] Summarize negotiation history and compare human- or AI-authored proposals.,"Backlog ID: NEG-AI-002
Sequence: 85
Phase: Next — Connected local features
Area: AI negotiation

Outcome:
Summarize negotiation history and compare human- or AI-authored proposals.

Hard dependencies (in order): LEAD-003, AI-GOV-001",AI negotiation,Backlog
EPM,[AI-REC-001] Recommend rent adjustments and renewals from approved inputs.,"Backlog ID: AI-REC-001
Sequence: 86
Phase: Next — Connected local features
Area: AI recommendations

Outcome:
Recommend rent adjustments and renewals from approved inputs.

Hard dependencies (in order): ADJ-001, RPT-002, FIN-004, AI-GOV-001",AI recommendations,Backlog
EPM,"[AI-REC-003] Flag vacancy and delinquency risk from financial, occupancy, and lead history.","Backlog ID: AI-REC-003
Sequence: 87
Phase: Next — Connected local features
Area: AI recommendations

Outcome:
Flag vacancy and delinquency risk from financial, occupancy, and lead history.

Hard dependencies (in order): LEAD-001, RPT-002, FIN-004, AI-GOV-001",AI recommendations,Backlog
EPM,[VEND-003] Draft quote requests to selected providers for the operator to send manually and record as sent.,"Backlog ID: VEND-003
Sequence: 88
Phase: Next — Connected local features
Area: Providers

Outcome:
Draft quote requests to selected providers for the operator to send manually and record as sent.

Hard dependencies (in order): VEND-001, MAINT-001, MAINT-002, COM-002",Providers,Backlog
EPM,[VEND-005] Find external providers by trade and service area and save candidates to a shortlist.,"Backlog ID: VEND-005
Sequence: 89
Phase: Next — Connected local features
Area: Provider discovery

Outcome:
Find external providers by trade and service area and save candidates to a shortlist.

Hard dependencies (in order): VEND-001",Provider discovery,Backlog
EPM,[OFFICE-001] Allocate office-specific operating expenses and track contractual rent adjustments.,"Backlog ID: OFFICE-001
Sequence: 90
Phase: Next — Connected local features
Area: Commercial

Outcome:
Allocate office-specific operating expenses and track contractual rent adjustments.

Hard dependencies (in order): PORT-002, LEASE-001, FIN-002, ADJ-001",Commercial,Backlog
EPM,"[ACCT-001] Add trust accounting, automated owner fund transfers, and full bookkeeping.","Backlog ID: ACCT-001
Sequence: 91
Phase: Later — Local product extensions
Area: Accounting

Outcome:
Add trust accounting, automated owner fund transfers, and full bookkeeping.

Hard dependencies (in order): AUDIT-001, FIN-004, OWNER-002",Accounting,Backlog
EPM,"[OFFICE-002] Add CAM/NNN reconciliation, escalations, and advanced lease options.","Backlog ID: OFFICE-002
Sequence: 92
Phase: Later — Local product extensions
Area: Commercial

Outcome:
Add CAM/NNN reconciliation, escalations, and advanced lease options.

Hard dependencies (in order): FIN-004, OFFICE-001",Commercial,Backlog
EPM,[VEND-004] Integrate live external review sources and reputation monitoring.,"Backlog ID: VEND-004
Sequence: 93
Phase: Later — Local product extensions
Area: Providers

Outcome:
Integrate live external review sources and reputation monitoring.

Hard dependencies (in order): VEND-002",Providers,Backlog
EPM,[RPT-003] Build custom reports and saved report views.,"Backlog ID: RPT-003
Sequence: 94
Phase: Later — Local product extensions
Area: Reports

Outcome:
Build custom reports and saved report views.

Hard dependencies (in order): RPT-002",Reports,Backlog
EPM,[RPT-004] Schedule report generation and prepare delivery drafts for manual operator sending.,"Backlog ID: RPT-004
Sequence: 95
Phase: Later — Local product extensions
Area: Reports

Outcome:
Schedule report generation and prepare delivery drafts for manual operator sending.

Hard dependencies (in order): TASK-001, COM-002, RPT-003",Reports,Backlog
EPM,"[DATA-001] Extend structured-file migration to leases, balances, operational history, and advanced bulk/update workflows.","Backlog ID: DATA-001
Sequence: 96
Phase: Later — Local product extensions
Area: Data

Outcome:
Extend structured-file migration to leases, balances, operational history, and advanced bulk/update workflows. Initial property/owner/provider create/link/skip intake is delivered by DATA-002 and DATA-003.

Hard dependencies (in order): AUDIT-001, FILE-001, PORT-002, TEN-001, LEASE-001, FIN-001, DATA-002",Data,Backlog
EPM,[BEGIN-001] Guide users with little accounting or property-management experience through initial setup.,"Backlog ID: BEGIN-001
Sequence: 97
Phase: Later — Local product extensions
Area: Beginner experience

Outcome:
Guide users with little accounting or property-management experience through initial setup.

Hard dependencies (in order): LOCAL-001, PORT-001, PORT-002, TEN-001",Beginner experience,Backlog
EPM,[BEGIN-002] Explain accounting and property-management concepts contextually without removing professional detail.,"Backlog ID: BEGIN-002
Sequence: 98
Phase: Later — Local product extensions
Area: Beginner experience

Outcome:
Explain accounting and property-management concepts contextually without removing professional detail.

Hard dependencies (in order): BEGIN-001",Beginner experience,Backlog
EPM,"[BEGIN-003] Provide step-by-step checklists, safe defaults, validation, and recovery guidance.","Backlog ID: BEGIN-003
Sequence: 99
Phase: Later — Local product extensions
Area: Beginner experience

Outcome:
Provide step-by-step checklists, safe defaults, validation, and recovery guidance.

Hard dependencies (in order): AUDIT-001, TASK-001, BEGIN-001",Beginner experience,Backlog
EPM,[SAAS-001] Host tenant-isolated cloud workspaces for the SaaS offering.,"Backlog ID: SAAS-001
Sequence: 100
Phase: Future SaaS — Cloud, identity, and collaboration
Area: Cloud platform

Outcome:
Host tenant-isolated cloud workspaces for the SaaS offering.

Hard dependencies (in order): LOCAL-001",Cloud platform,Backlog
EPM,[SEC-001] Authenticate SaaS users and manage account recovery and sessions.,"Backlog ID: SEC-001
Sequence: 101
Phase: Future SaaS — Cloud, identity, and collaboration
Area: Authentication

Outcome:
Authenticate SaaS users and manage account recovery and sessions.

Hard dependencies (in order): SAAS-001",Authentication,Backlog
EPM,"[SEC-002] Enforce workspace roles and permissions for administrators, managers, accounting users, maintenance users, owners, tenants, and read-only…","Backlog ID: SEC-002
Sequence: 102
Phase: Future SaaS — Cloud, identity, and collaboration
Area: Authorization

Outcome:
Enforce workspace roles and permissions for administrators, managers, accounting users, maintenance users, owners, tenants, and read-only users.

Hard dependencies (in order): PORT-001, SEC-001",Authorization,Backlog
EPM,"[SAAS-002] Analyze a local workspace, verify its format, map it to a cloud account, and provide a dry-run migration plan that excludes…","Backlog ID: SAAS-002
Sequence: 103
Phase: Future SaaS — Cloud, identity, and collaboration
Area: Migration

Outcome:
Analyze a local workspace, verify its format, map it to a cloud account, and provide a dry-run migration plan that excludes external-account credentials.

Hard dependencies (in order): LOCAL-002, SAAS-001, SEC-001",Migration,Backlog
EPM,"[SAAS-003] Migrate local records, attachments, ingested-message history, voice-note transcripts and summaries, and AI review decisions while…","Backlog ID: SAAS-003
Sequence: 104
Phase: Future SaaS — Cloud, identity, and collaboration
Area: Migration

Outcome:
Migrate local records, attachments, ingested-message history, voice-note transcripts and summaries, and AI review decisions while preserving stable IDs, relationships, audit history, and financial totals.

Hard dependencies (in order): AUDIT-001, FILE-001, SAAS-002",Migration,Backlog
EPM,"[SAAS-004] Validate migrated totals and record counts, support safe retry or rollback, and require external-account reauthorization.","Backlog ID: SAAS-004
Sequence: 105
Phase: Future SaaS — Cloud, identity, and collaboration
Area: Migration

Outcome:
Validate migrated totals and record counts, support safe retry or rollback, and require external-account reauthorization.

Hard dependencies (in order): SAAS-003",Migration,Backlog
EPM,"[SEC-003] Issue expiring, scoped submission links and protect public intake with validation, rate limits, and an audit trail.","Backlog ID: SEC-003
Sequence: 106
Phase: Future SaaS — Cloud, identity, and collaboration
Area: Secure intake

Outcome:
Issue expiring, scoped submission links and protect public intake with validation, rate limits, and an audit trail.

Hard dependencies (in order): AUDIT-001, FILE-001, SEC-001, SEC-002",Secure intake,Backlog
EPM,"[INTAKE-001] Let owners and tenants directly report rent receipts, rental concerns, and property issues without a full portal.","Backlog ID: INTAKE-001
Sequence: 107
Phase: Future SaaS — Cloud, identity, and collaboration
Area: Intake

Outcome:
Let owners and tenants directly report rent receipts, rental concerns, and property issues without a full portal.

Hard dependencies (in order): MAINT-004, OWNER-003, OWNER-004, SEC-003",Intake,Backlog
EPM,"[PORTAL-001] Give tenants a self-service portal for leases, balances, messages, and issues.","Backlog ID: PORTAL-001
Sequence: 108
Phase: Future SaaS — Cloud, identity, and collaboration
Area: Tenant portal

Outcome:
Give tenants a self-service portal for leases, balances, messages, and issues.

Hard dependencies (in order): TEN-001, LEASE-001, FIN-001, COM-001, SEC-001, SEC-002, INTAKE-001",Tenant portal,Backlog
EPM,"[PORTAL-002] Give owners a portal for statements, balances, disbursements, fees, messages, receipts, and issues.","Backlog ID: PORTAL-002
Sequence: 109
Phase: Future SaaS — Cloud, identity, and collaboration
Area: Owner portal

Outcome:
Give owners a portal for statements, balances, disbursements, fees, messages, receipts, and issues.

Hard dependencies (in order): PORT-001, COM-001, OWNER-001, OWNER-005, SEC-001, SEC-002, INTAKE-001",Owner portal,Backlog
EPM,[RPT-005] Publish authenticated owner-facing dashboards.,"Backlog ID: RPT-005
Sequence: 110
Phase: Future SaaS — Cloud, identity, and collaboration
Area: Reports

Outcome:
Publish authenticated owner-facing dashboards.

Hard dependencies (in order): RPT-002, OWNER-001, PORTAL-002",Reports,Backlog
EPM,[PLATFORM-001] Add advanced roles and configurable approval workflows.,"Backlog ID: PLATFORM-001
Sequence: 111
Phase: Future SaaS — Cloud, identity, and collaboration
Area: Platform

Outcome:
Add advanced roles and configurable approval workflows.

Hard dependencies (in order): AUDIT-001, SEC-002",Platform,Backlog
EPM,[API-001] Provide a secured public API and event webhooks.,"Backlog ID: API-001
Sequence: 112
Phase: Future SaaS — Cloud, identity, and collaboration
Area: Platform

Outcome:
Provide a secured public API and event webhooks.

Hard dependencies (in order): AUDIT-001, SAAS-001, SEC-002, PLATFORM-001",Platform,Backlog
EPM,[APT-001] Model multi-unit apartment buildings and units.,"Backlog ID: APT-001
Sequence: 113
Phase: Later — Apartment extensions
Area: Apartments

Outcome:
Model multi-unit apartment buildings and units.

Hard dependencies (in order): PORT-002",Apartments,Backlog
EPM,"[APT-002] Support building-wide rent rolls, renewals, and bulk actions.","Backlog ID: APT-002
Sequence: 114
Phase: Later — Apartment extensions
Area: Apartments

Outcome:
Support building-wide rent rolls, renewals, and bulk actions.

Hard dependencies (in order): PORT-003, LEASE-001, FIN-001, APT-001",Apartments,Backlog
EPM,"[APT-003] Manage common areas, shared assets, parking, storage, utilities, and amenities.","Backlog ID: APT-003
Sequence: 115
Phase: Later — Apartment extensions
Area: Apartments

Outcome:
Manage common areas, shared assets, parking, storage, utilities, and amenities.

Hard dependencies (in order): FIN-002, MAINT-001, APT-001",Apartments,Backlog
EPM,[APT-004] Handle unit turnovers and make-ready workflows.,"Backlog ID: APT-004
Sequence: 116
Phase: Later — Apartment extensions
Area: Apartments

Outcome:
Handle unit turnovers and make-ready workflows.

Hard dependencies (in order): TASK-001, FIN-002, MAINT-001, APT-001",Apartments,Backlog
EPM,[APT-005] Prepare building-wide or selected-group tenant communications and notices for manual operator sending.,"Backlog ID: APT-005
Sequence: 117
Phase: Later — Apartment extensions
Area: Apartments

Outcome:
Prepare building-wide or selected-group tenant communications and notices for manual operator sending.

Hard dependencies (in order): TEN-001, COM-002, APT-001",Apartments,Backlog
EPM,"[APT-006] Add apartment-specific vacancy, rent-roll, and renewal dashboards.","Backlog ID: APT-006
Sequence: 118
Phase: Later — Apartment extensions
Area: Apartments

Outcome:
Add apartment-specific vacancy, rent-roll, and renewal dashboards.

Hard dependencies (in order): RPT-002, DASH-002, APT-001, APT-002",Apartments,Backlog
EPM,"[APT-007] Allocate shared building expenses across units, owners, or leases.","Backlog ID: APT-007
Sequence: 119
Phase: Later — Apartment extensions
Area: Apartments

Outcome:
Allocate shared building expenses across units, owners, or leases.

Hard dependencies (in order): FIN-002, FIN-003, APT-001",Apartments,Backlog
EPM,[APT-008] Add apartment listing syndication and route leads by building and unit.,"Backlog ID: APT-008
Sequence: 120
Phase: Later — Apartment extensions
Area: Apartments

Outcome:
Add apartment listing syndication and route leads by building and unit.

Hard dependencies (in order): LEAD-001, LIST-002, APT-001",Apartments,Backlog
